<?xml version="1.0" encoding="UTF-8"?>
<mule xmlns:doc="http://www.mulesoft.org/schema/mule/documentation" xmlns="http://www.mulesoft.org/schema/mule/core" xmlns:apikit="http://www.mulesoft.org/schema/mule/apikit" xmlns:http="http://www.mulesoft.org/schema/mule/http" xmlns:spring="http://www.springframework.org/schema/beans" xmlns:xsi="http://www.w3.org/2001/XMLSchema-instance" xsi:schemaLocation="http://www.mulesoft.org/schema/mule/core http://www.mulesoft.org/schema/mule/core/current/mule.xsd
http://www.mulesoft.org/schema/mule/http http://www.mulesoft.org/schema/mule/http/current/mule-http.xsd
http://www.mulesoft.org/schema/mule/apikit http://www.mulesoft.org/schema/mule/apikit/current/mule-apikit.xsd
http://www.springframework.org/schema/beans http://www.springframework.org/schema/beans/spring-beans-3.1.xsd">
    <apikit:config name="unitedapi-config" raml="unitedapi.raml" consoleEnabled="false" doc:name="Router"/>
    <http:listener-config name="HTTP_Listener_Configuration" host="0.0.0.0" port="8081" doc:name="HTTP Listener Configuration"/>
    <flow name="unitedapi-main">
        <http:listener config-ref="HTTP_Listener_Configuration" path="/united/api/*" doc:name="HTTP"/>
        <apikit:router config-ref="unitedapi-config" doc:name="APIkit Router"/>
        <exception-strategy ref="unitedapi-apiKitGlobalExceptionMapping" doc:name="Reference Exception Strategy"/>
    </flow>
    <flow name="unitedapi-console">
        <http:listener config-ref="HTTP_Listener_Configuration" path="/united/console/*" doc:name="HTTP"/>
        <apikit:console config-ref="unitedapi-config" doc:name="APIkit Console"/>
    </flow>
    <flow name="get:/unitedflights:unitedapi-config">
        <flow-ref name="listallunitedflightsFlow" doc:name="listallunitedflightsFlow"/>

    </flow>
    <flow name="get:/unitedflights/{destination}:unitedapi-config">
        <flow-ref name="unitedflightsbydestinationFlow" doc:name="unitedflightsbydestinationFlow"/>

    </flow>
    <flow name="post:/unitedflights:unitedapi-config">
        <set-property propertyName="Content-Type" value="application/json" doc:name="Property"/>
        <set-payload value="{&#xD;&#xA;      &quot;flights&quot;: [&#xD;&#xA;                              &#xD;&#xA;                              {&#xD;&#xA;                                  &quot;code&quot;: &quot;ER39rp&quot;,&#xD;&#xA;                                  &quot;price&quot;: 954,&#xD;&#xA;                                  &quot;origin&quot;: &quot;MUA&quot;,&#xD;&#xA;                                  &quot;destination&quot;: &quot;SFO&quot;,&#xD;&#xA;                                  &quot;departureDate&quot;: &quot;2015/02/12&quot;,&#xD;&#xA;                                  &quot;planeType&quot;: &quot;Boeing 777&quot;,&#xD;&#xA;                                  &quot;airlineName&quot;: &quot;United&quot;,&#xD;&#xA;                                  &quot;emptySeats&quot;: 23&#xD;&#xA;                              }&#xD;&#xA;                          ]&#xD;&#xA;                        }" doc:name="Set Payload"/>
    </flow>
    <apikit:mapping-exception-strategy name="unitedapi-apiKitGlobalExceptionMapping">
        <apikit:mapping statusCode="404">
            <apikit:exception value="org.mule.module.apikit.exception.NotFoundException" />
            <set-property propertyName="Content-Type" value="application/json" doc:name="Property"/>
            <set-payload value="{ &quot;message&quot;: &quot;Resource not found&quot; }" doc:name="Set Payload"/>
        </apikit:mapping>
        <apikit:mapping statusCode="405">
            <apikit:exception value="org.mule.module.apikit.exception.MethodNotAllowedException" />
            <set-property propertyName="Content-Type" value="application/json" doc:name="Property"/>
            <set-payload value="{ &quot;message&quot;: &quot;Method not allowed&quot; }" doc:name="Set Payload"/>
        </apikit:mapping>
        <apikit:mapping statusCode="415">
            <apikit:exception value="org.mule.module.apikit.exception.UnsupportedMediaTypeException" />
            <set-property propertyName="Content-Type" value="application/json" doc:name="Property"/>
            <set-payload value="{ &quot;message&quot;: &quot;Unsupported media type&quot; }" doc:name="Set Payload"/>
        </apikit:mapping>
        <apikit:mapping statusCode="406">
            <apikit:exception value="org.mule.module.apikit.exception.NotAcceptableException" />
            <set-property propertyName="Content-Type" value="application/json" doc:name="Property"/>
            <set-payload value="{ &quot;message&quot;: &quot;Not acceptable&quot; }" doc:name="Set Payload"/>
        </apikit:mapping>
        <apikit:mapping statusCode="400">
            <apikit:exception value="org.mule.module.apikit.exception.BadRequestException" />
            <set-property propertyName="Content-Type" value="application/json" doc:name="Property"/>
            <set-payload value="{ &quot;message&quot;: &quot;Bad request&quot; }" doc:name="Set Payload"/>
        </apikit:mapping>
    </apikit:mapping-exception-strategy>
</mule>
